785,-690,null2,923,-344,638,651,-710,-5168,null9,-56810,-723,null12,null13,762,-405,-51616,949,-632,null19,null20,310,784,-927,575,-403,341,-22,-272,239,-365,401,529,-108,694,-262,-388,886,394,69,563,252,90,-2,287,-57,-270,-876,156,-56849,-244,-569,737,-867,positive_count
-377,483,-145,-464,983,-262,-972,null,-260,514,-105,-157,null,null,121,-547,391,389,320,-561,37,47,-101,525,1,496,-226,-131,-101,-239,803,888,-315,-172,-440,6,null,2,-950,699,247,693,null,-987,-416,612,-351,691,-582,386,-180,-705,249,548,24
172,41,-476,278,270,470,862,-995,-958,null,229,79,null,577,280,139,40,448,800,null,-653,424,-386,279,667,112,-112,-217,-363,191,179,-418,null,293,30,406,null,342,464,725,654,629,-148,37,377,null,-273,null,-623,462,-974,-795,-117,701,32
-390,735,348,481,727,-845,-70,-541,null,170,350,-429,null,null,-389,-445,-946,993,872,null,399,704,-164,950,139,697,-959,553,-30,865,-16,-261,null,-186,218,-581,null,329,738,292,-172,-909,null,299,-992,null,363,null,86,-707,-571,-369,-587,562,23
-715,-751,-475,372,19,57,223,531,5,718,-879,-929,-692,null,642,-795,-113,119,-785,null,-525,-740,341,-398,849,372,-717,501,-747,-848,665,125,-801,-609,426,287,null,588,914,-183,-337,888,null,986,404,-215,-439,null,-958,203,-355,17,567,228,26
239,87,null,379,-292,-69,298,102,null,-177,117,-45,null,627,-56,-249,-239,870,-365,952,866,-921,-559,556,-55,-756,648,-737,933,-794,737,814,-712,315,-99,917,-848,-941,-758,367,-521,8,null,645,939,431,-205,null,982,null,-322,697,20,10,26
913,-846,null,-541,-719,-975,386,null,null,-8,-318,684,null,null,448,-574,765,401,63,null,-204,-752,-951,-844,840,683,-386,267,395,-249,-719,107,158,432,925,-735,null,-482,416,533,-975,-803,-67,143,-605,null,-129,null,951,889,-153,127,-867,-435,21
644,-559,29,692,728,-396,-241,null,839,-116,-798,-389,null,-510,485,-419,343,315,644,null,660,-291,748,735,-719,-566,682,-883,797,737,-431,984,225,174,-204,490,null,-2,-793,748,-86,-132,-168,626,-317,null,-664,null,77,null,932,863,895,73,26
246,-13,-524,-94,119,-77,144,595,-802,null,-181,56,710,-604,-785,138,-726,-1,-513,null,744,786,-231,328,125,-213,868,686,-210,-653,-795,682,428,211,-367,-845,-834,730,-807,329,-565,-371,null,-414,-526,118,340,null,270,null,594,399,483,-743,24
232,-72,null,382,-18,169,56,null,-607,null,-745,-327,579,899,862,-9,382,928,-120,-439,-235,662,672,-947,238,886,-385,384,-730,-174,573,-214,-869,-921,-851,619,368,394,-805,984,668,-926,null,-913,-163,null,-923,924,648,null,165,-207,271,264,25
908,667,null,-662,120,-72,-760,null,null,-500,-530,420,-104,null,668,-864,599,-724,-891,-126,null,-89,333,543,-49,944,-403,-423,855,-772,-144,-663,null,-374,208,-836,-23,181,-995,795,-865,128,-916,-318,-565,-389,-562,-192,628,null,572,-980,-433,62,17
413,-701,null,-185,-763,928,520,522,479,643,-890,-914,182,null,-81,-659,549,142,-856,291,null,766,-265,-42,285,-315,960,-96,843,-267,392,773,null,-826,-608,371,-413,129,478,528,209,597,-247,830,57,-666,402,308,-335,-7,-267,-726,-111,-710,26
277,871,null,-74,-688,718,-902,79,-592,-650,238,-117,null,null,700,-273,-673,812,154,-718,null,234,962,13,371,-592,-259,285,530,-214,116,-800,null,-351,627,886,610,197,20,971,-321,-609,null,175,771,-387,690,null,-236,253,-21,-304,795,402,27
-85,-383,-860,-712,-297,-730,-757,-279,null,null,215,-754,-304,null,-103,123,26,-504,-278,null,484,675,118,829,417,543,393,-724,-131,707,-288,-166,null,444,-350,-108,null,-972,676,-951,-588,-1000,null,-636,-134,35,-868,null,912,681,652,860,-738,-865,18
-475,76,-853,332,532,-38,623,-7,null,null,790,-40,null,531,782,-923,284,-930,601,null,null,397,935,595,-286,554,367,312,619,-186,498,304,null,-356,223,-86,25,119,206,661,707,-22,-734,13,77,112,28,-279,-31,null,-562,151,-438,892,30
924,662,642,-694,-245,-833,526,null,-40,null,-67,739,-777,476,621,147,-951,959,268,-953,null,331,-238,-346,-542,770,891,318,-222,-995,-792,531,null,641,884,831,-371,517,-808,-820,713,306,-9,613,62,null,535,null,-616,null,-724,375,968,-873,26
-908,236,-221,-731,-159,-793,494,null,null,-65,918,-354,767,null,857,-150,107,412,-29,null,null,-993,37,-452,414,-572,747,873,-142,287,636,-684,null,-535,-326,183,-846,42,-655,-356,806,60,null,-260,522,null,-207,null,84,null,-431,568,948,-863,21
-453,771,384,922,-289,38,-358,-577,203,681,-957,273,null,null,-20,893,844,576,-910,null,970,-950,7,351,-866,830,-252,-670,-528,-687,-430,-761,null,-684,22,500,null,739,-123,545,795,-180,32,993,-406,null,862,null,-606,-103,-759,-750,229,-805,23
-14,-367,-657,772,20,85,-802,null,-446,188,681,-673,-441,-669,600,-368,-50,795,-485,null,null,551,813,-683,449,774,-22,556,-395,-490,-318,258,null,-260,-121,923,319,-737,312,753,757,-320,null,899,-701,null,174,null,-494,3,747,417,-593,109,24
251,500,null,-188,654,-348,428,null,null,748,625,-212,null,-530,-158,-290,-294,-523,18,null,null,651,-509,-988,916,429,-109,640,265,830,227,830,null,-671,103,-423,313,-667,-237,-168,56,-252,-300,-837,624,null,-722,null,26,null,181,199,-440,-513,22
-517,577,null,346,-652,899,450,425,-430,null,253,-247,612,null,451,-675,-149,728,-316,null,null,-139,607,202,540,109,184,-776,939,3,-299,459,null,-806,-427,917,-296,-441,-422,766,-816,649,null,-687,251,-275,382,null,962,null,596,-926,-38,-915,24
543,-712,-423,712,992,-544,-387,null,277,-940,886,-296,null,620,-405,503,606,-957,858,32,-159,443,363,787,286,151,-237,249,68,449,484,13,672,-486,856,973,null,-831,389,-955,-39,-647,null,-938,494,null,-844,null,691,244,683,275,-81,-795,29
-779,295,null,862,870,12,-868,758,-477,496,-711,-631,-516,null,-576,-337,-890,-933,-495,null,null,252,811,166,-68,638,-351,-607,-945,811,223,797,null,480,947,-903,null,667,693,-335,-790,186,-333,-408,-540,534,374,320,30,-307,-618,258,-938,377,24
852,459,null,-979,-13,-405,-488,null,-99,116,-694,-668,null,-779,-966,763,28,-836,854,null,null,-495,-950,112,-602,793,940,521,335,44,-258,-772,-952,289,481,-507,974,987,557,-547,-218,-861,null,62,82,null,899,843,111,null,380,-424,-879,-70,23
469,-968,-924,-526,-271,-571,-806,-452,-191,null,-705,-868,219,423,160,821,738,-70,526,null,null,-225,-472,-62,232,677,549,-394,28,327,-973,-575,585,176,204,-286,948,-115,176,189,457,-637,null,233,721,null,-108,-782,-811,null,-316,711,877,510,24
848,-132,null,-67,-482,-111,341,null,null,-504,563,97,null,267,856,-582,170,-500,522,null,-984,346,64,901,808,-935,761,-199,-715,265,-411,890,null,-177,113,-281,-99,-586,677,-423,-514,785,-880,106,641,null,-398,-292,582,-347,200,341,-660,-620,23
-104,551,-713,-983,722,642,212,null,-111,-647,-377,-639,105,-725,246,-8,-261,-676,-735,535,-600,-43,-307,-128,-723,-305,243,935,-269,29,-439,415,null,-250,351,654,279,525,941,158,296,475,-462,-234,943,-534,-593,null,431,null,-739,456,-200,454,23
954,324,-998,-31,21,-667,135,null,562,-481,552,-736,-117,-383,-50,-225,378,623,212,-669,null,806,-899,-445,-843,-315,991,-196,269,552,-263,106,null,886,68,-673,null,327,582,-429,-265,237,null,-328,-920,null,622,-941,-262,-811,-536,236,831,177,23
353,884,-660,-466,-910,482,121,-208,305,305,-66,-443,510,null,160,-696,-866,512,938,null,-580,-777,686,599,640,-509,-322,-823,-691,-8,284,34,727,628,-965,658,372,814,207,14,-237,575,-309,-319,284,652,24,409,-306,-691,-56,439,17,512,30
-779,-389,null,4,-71,-765,-515,97,-456,-624,890,535,270,-924,411,-561,438,-462,-854,null,null,-788,-977,475,-125,130,-636,-64,100,51,514,-854,-373,471,-879,124,-123,3,-126,392,-604,202,null,5,854,909,952,null,-61,null,958,-741,604,-629,23
-124,-933,314,-393,75,-974,462,null,111,-126,-98,-993,937,-314,697,-709,-386,-51,-186,-595,-291,575,138,-11,-879,-700,-68,631,-157,-700,728,618,-429,-282,916,692,-72,892,160,-112,-324,-904,-738,-619,-374,null,-880,null,560,-192,-522,840,672,-178,18
877,-426,null,871,-729,-410,365,null,948,null,-422,-814,null,null,-196,896,-254,408,-353,null,null,383,865,430,-297,-303,560,-15,816,878,-325,-897,-885,23,640,-334,51,248,888,-244,-420,894,206,854,91,null,-805,426,-665,null,166,836,864,-144,25
513,-775,-421,-144,172,-960,-941,null,null,null,987,-796,null,-158,442,-123,984,42,-576,null,-48,46,17,-365,-336,-650,742,-493,477,732,476,-589,null,252,43,697,null,789,761,-962,-553,589,null,928,545,null,-688,null,-833,147,995,-264,376,-708,23
-490,713,981,713,-336,-52,717,47,-955,null,-261,150,null,null,-938,-745,-387,990,-976,-606,null,-399,-654,10,199,629,-178,-554,-588,881,610,989,-43,829,-694,256,-719,657,987,826,376,719,null,-419,789,176,-185,41,356,null,-31,219,-16,-690,25
7,-956,-662,-257,-631,-389,33,null,null,null,348,961,null,-363,-372,-847,-257,587,320,null,-179,-295,-53,142,-208,-668,740,-563,-199,-335,-998,920,-893,-21,-585,192,-795,653,-960,-115,227,968,-892,-25,203,null,727,null,-485,null,-419,-58,-149,160,16
-352,489,-302,327,-785,-828,-422,null,406,null,481,-177,null,820,-404,882,163,33,-61,null,null,393,-675,413,-181,157,-161,-114,-39,549,-322,659,null,-34,627,-843,-231,-808,-42,652,272,-701,200,488,-665,927,819,null,-497,null,803,-779,526,-916,22
739,286,847,516,924,468,-56,318,null,-567,306,-237,null,-552,-292,367,964,-125,279,null,-440,54,-737,-562,896,116,-332,-519,780,998,-905,-374,686,-409,232,246,null,846,963,8,159,773,853,887,-754,-841,-125,null,-831,null,219,124,551,569,30
529,-818,-465,851,42,638,140,null,null,-256,600,10,null,null,-187,828,-867,-622,-902,-205,-508,254,300,-401,-239,553,760,937,-448,-822,516,-52,560,-788,2,-810,911,-322,-948,-645,-996,435,null,-462,491,null,-120,-581,-64,null,-378,50,-510,849,21
-170,-720,null,382,-739,-599,-623,-424,null,52,324,-342,null,-329,-485,-790,166,-940,-797,null,590,980,679,521,101,434,827,-874,200,-929,-745,693,-455,-346,-455,-295,631,-263,550,-178,559,-9,-351,-382,-405,529,-801,null,290,null,-458,553,-920,636,20
-33,-919,3,266,-545,126,-193,-718,-644,null,685,-686,-285,79,283,738,-524,-333,149,null,null,0,187,784,-694,-842,954,-698,-133,-384,734,-626,null,377,83,728,970,-875,249,616,-276,922,-867,-803,-468,null,-825,null,-206,798,752,801,-472,-79,22
-617,-208,null,-787,-551,205,347,null,null,152,751,-883,-56,709,-745,-843,-29,318,413,null,null,-460,-823,682,-699,23,-465,-728,118,708,724,-258,-879,993,-236,-481,null,-957,-537,325,271,-914,null,214,-595,58,577,37,-323,-839,-342,650,-650,673,21
-831,450,null,697,633,816,-773,null,null,null,-774,-727,null,null,233,-988,-600,998,-406,null,-395,651,-655,963,205,-428,279,-499,803,812,-48,940,null,-296,436,972,-9,139,588,-172,-304,-184,null,846,730,null,-811,null,354,null,273,-311,226,216,23
-943,91,688,804,994,94,281,null,null,null,108,-549,null,-666,319,393,-476,-846,238,null,null,-43,-230,-311,-537,-403,760,728,578,-201,805,594,null,67,592,-357,null,736,-95,129,107,739,null,-91,-513,59,483,null,-566,null,576,483,367,807,27
-430,637,-417,398,-36,499,-706,null,-733,null,-405,-923,-367,null,680,-324,800,-203,-184,null,844,-867,-113,-495,-838,-393,368,-444,525,-922,-73,564,null,972,-475,184,612,570,756,167,172,694,null,-949,864,null,-225,-991,-790,-549,-417,-544,777,589,20
97,-632,null,-893,380,-27,-495,null,null,-871,254,478,-318,-259,-149,587,-743,-574,-60,-119,null,689,816,996,77,-750,-14,-934,-742,-585,-525,-143,-887,-416,322,-823,null,155,-952,23,179,-618,null,958,473,null,990,738,585,null,-884,418,609,-621,20
-227,723,null,742,374,-994,-689,-452,null,-457,729,344,-865,148,-251,-774,-995,-720,-981,null,null,-655,-531,-148,671,86,24,-83,435,479,377,914,-985,-379,718,850,null,897,-240,-977,107,-465,-497,221,-183,null,-527,-146,-110,-936,-542,-468,-365,-309,18
119,230,null,180,-788,-149,391,null,null,-87,693,916,559,null,42,-264,-71,-363,171,-393,null,-968,-332,856,-613,-378,601,512,-101,-90,-887,771,662,-241,-801,-855,-161,-294,593,-321,944,995,-148,-627,380,-742,233,null,236,211,-101,-731,-373,856,22
-441,-661,462,213,793,-341,253,null,null,null,-435,-230,980,null,819,-944,-526,575,391,94,-107,-37,-740,122,-266,385,451,346,835,-350,505,998,null,-96,287,-234,181,-526,849,220,420,-584,null,558,-495,-994,938,-837,-780,937,-373,862,-399,74,26
-122,254,null,-664,-187,-950,328,-163,null,null,228,783,-758,-557,-570,62,897,803,-143,null,null,-816,178,896,-965,308,792,271,816,604,-878,-3,null,-43,-399,-600,null,-199,-66,-915,-583,-678,null,-106,7,null,512,null,673,-882,-712,550,-583,-128,18
-422,-288,-530,466,581,196,-414,-617,null,null,162,-915,857,null,19,-188,832,-884,884,null,-241,50,-6,-160,-212,-900,165,56,767,-330,-915,-809,null,995,-145,473,340,-339,-752,-637,-877,-713,null,-102,183,-212,-224,610,-406,null,860,79,-617,350,20
-916,-316,null,881,-742,514,979,null,null,185,-527,394,318,null,83,311,609,-555,103,null,null,-2,20,504,-387,18,-843,-583,840,-974,-158,22,null,-831,-26,-320,-282,-982,-849,913,782,-489,null,758,-739,427,-848,-860,-451,-526,691,541,691,-234,22
-877,921,-623,-464,-685,286,-14,60,379,351,577,517,-281,93,970,969,589,-627,-316,null,null,-107,-495,-323,-856,-117,-169,-230,-618,-780,-30,407,null,-20,-300,931,-854,362,-769,-622,970,64,-594,633,-101,-625,641,null,535,null,-268,50,-596,-459,20
-517,-80,null,-917,-285,-560,-519,null,105,-380,-227,59,null,null,-741,225,113,775,-630,null,-581,480,-191,217,228,-405,371,-643,123,423,-623,-342,-133,608,51,-641,222,-287,-386,337,414,178,-788,-923,-977,793,-324,-855,-970,null,120,-117,-118,585,20
-45,997,896,494,117,963,-491,-560,null,null,-964,561,923,null,53,-541,-209,843,172,null,null,998,-954,-636,-898,-101,479,-94,-534,-388,-735,688,-630,838,571,464,371,555,588,794,546,-851,null,-250,-843,326,-150,971,913,-382,-933,-587,890,-57,25
812,547,922,941,-76,-963,-256,-742,-887,null,532,-846,null,799,-804,-293,417,151,682,null,null,-297,846,264,743,941,-47,-520,-536,-87,-193,627,-374,528,-500,-878,null,-128,-88,-259,430,-507,-787,-780,566,239,218,-85,-611,null,990,-669,-486,-134,20
727,-328,44,-581,839,-334,-876,177,909,-604,714,265,-287,-967,-49,-838,449,706,-940,null,182,762,-166,806,-675,338,198,-781,51,510,-837,-337,null,541,914,-924,null,-190,-100,-482,809,578,null,-363,-737,null,-386,null,-942,765,-743,-234,488,-810,22
-417,404,-661,306,-347,673,-458,null,null,null,-44,-319,null,-500,382,634,598,-444,-413,null,-162,-450,64,842,-887,-461,583,416,-678,250,-417,699,595,487,49,-692,null,123,545,733,266,-676,532,920,-415,-343,204,-11,-417,null,715,-418,934,-30,24
436,-972,null,344,-945,-252,-310,780,959,-911,945,856,-26,null,848,949,257,911,-859,-739,null,-993,760,503,-866,360,-129,-596,-452,964,-711,38,null,160,737,-486,-638,314,-940,581,-755,-803,null,-483,-319,null,135,null,215,null,417,-927,-19,-329,22
-602,491,163,150,-941,162,121,-737,669,539,160,-165,null,118,647,312,-994,217,-762,null,null,-553,465,-666,407,214,-939,-69,328,337,352,409,null,461,56,-714,null,-494,-620,574,-405,633,null,-16,471,null,357,null,195,null,-856,194,791,771,29
-383,-624,-186,548,302,-329,634,-586,-838,null,-578,806,759,null,637,469,149,208,962,null,null,46,382,699,783,-31,498,430,238,-251,879,950,-397,-660,648,-718,null,267,943,-958,-855,949,null,204,144,-130,-219,null,-235,null,-797,232,355,-399,27
418,873,null,3,689,494,-149,null,69,-273,37,961,-716,null,-386,-326,-174,105,-581,null,395,912,187,967,469,926,-486,-495,847,-87,-966,-495,null,-919,239,-939,null,8,-403,-844,-161,-825,443,721,236,55,381,null,363,null,-629,625,382,-188,26
-213,706,-87,-210,730,-909,-84,-891,866,84,239,340,null,118,715,-8,-9,648,-259,null,-413,-299,-413,-565,-651,221,-134,55,-650,-120,-288,-640,528,43,732,-478,955,719,422,-368,-761,128,null,-872,-256,355,-367,-223,-416,null,590,284,-203,682,22
-699,-95,null,151,78,-469,0,-900,null,837,-944,-956,null,null,435,658,610,-404,477,null,null,-804,88,837,132,-606,-172,514,-384,-729,840,-490,null,724,-458,-154,null,944,-96,247,-336,364,null,775,-158,255,580,null,-672,-123,378,-715,-956,-213,20
-910,-518,null,986,-158,-937,-964,-565,null,null,212,-943,null,null,391,-596,-851,-20,-114,-466,null,376,-693,484,-639,317,398,-506,-712,440,849,-728,263,649,-481,-970,null,-18,-890,457,-742,-373,null,-748,583,null,520,575,892,null,-823,-443,382,-474,17
969,963,null,-475,717,746,923,-68,null,null,-76,-941,null,-477,455,-147,959,953,-714,null,-764,-791,-32,-980,-956,-210,365,-925,657,-572,-908,-595,null,-263,-678,339,null,-929,790,-801,414,759,null,-4,-801,null,-336,-1000,-161,-529,-913,992,-543,-74,15
882,409,null,734,-893,-901,-864,705,null,-323,-567,780,-556,null,330,548,-685,368,-529,null,null,-878,-322,-962,431,-19,664,139,678,-162,-314,-348,-545,-797,528,-981,null,283,-16,-64,-258,363,null,956,-120,null,815,null,218,-622,-42,599,-968,210,20
127,987,-587,332,696,-971,-997,676,805,null,969,961,-519,-302,-597,-777,986,97,-399,null,641,-292,425,484,-303,269,-741,507,-819,-909,756,-558,null,-60,969,583,null,39,236,-334,-419,667,-143,-255,-231,112,-660,null,-565,-146,-270,-234,912,-126,23
-487,-21,547,989,-886,-969,-219,-875,null,null,-899,-731,null,-810,924,-866,730,-925,373,-61,629,-128,607,363,355,586,-821,-927,330,985,-425,-32,null,-149,-31,-389,null,-498,-323,92,458,-841,-298,-135,385,null,-751,null,611,null,885,-94,972,-996,18
-997,-491,-232,-231,-451,767,428,null,52,null,-733,968,-646,-929,412,-778,473,653,918,null,907,-648,148,-842,471,738,448,-478,888,-647,42,24,126,-621,-812,246,null,-691,737,886,942,-557,null,926,-336,null,38,-718,686,null,-158,-465,-845,109,25
349,470,null,586,621,491,-518,null,null,null,240,-866,null,-266,8,253,-872,164,-682,null,null,840,59,-751,297,186,-480,536,242,-566,967,-265,null,-271,264,-143,-800,715,446,163,-766,-664,null,-942,-321,-977,348,990,391,-247,940,432,74,-77,26
-838,110,317,-433,-808,306,219,854,330,-238,-835,-861,-937,null,490,-258,764,-479,-393,null,-553,-165,-230,813,-353,841,-484,713,-523,-66,-415,-862,null,910,-541,939,null,-522,899,415,359,-300,null,-396,440,null,-57,-182,-116,-935,-261,-724,-483,491,18
-73,-54,885,-884,110,915,-684,591,null,-146,661,771,null,null,726,-37,942,75,-355,null,954,134,895,535,-834,-945,-27,762,-12,807,-432,-283,null,-551,406,-959,-623,257,-388,454,959,-472,null,-335,216,null,-262,null,-890,null,96,-909,-318,998,22
364,136,null,306,560,671,6,-599,null,null,814,-279,-547,232,62,661,-877,799,911,null,142,12,-1,642,-481,486,703,-838,-329,934,36,-987,-119,-815,502,-421,null,79,384,320,-219,859,null,-480,-525,337,-425,-498,-95,200,234,908,-718,-644,28
-639,-869,null,-647,-616,842,640,444,null,415,919,278,-518,358,-869,119,547,249,-512,null,null,-856,296,52,4,318,-126,-269,319,188,-333,92,-520,316,-290,17,null,257,-502,-80,-62,210,null,255,774,null,286,-199,-896,null,-65,-179,342,-689,25
763,527,null,-653,-757,644,-823,-950,-675,null,-264,453,null,-584,-241,910,-455,900,-21,null,null,-650,-451,706,-127,-911,-180,-753,501,-177,689,-397,null,-619,903,745,800,-381,-732,714,-771,-532,null,632,486,null,-752,null,-163,null,70,182,771,467,19
910,-463,null,-682,843,30,-366,241,null,null,-765,299,null,null,-613,-944,-551,175,-714,-1,-185,-116,543,699,102,-674,-289,-938,-309,-411,-138,417,null,-883,-363,-11,null,333,-968,-673,-7,-963,134,719,890,-335,-332,null,-179,-445,-781,-448,324,392,16
-110,-920,-457,-69,-3,-536,-765,844,null,null,-340,311,null,null,720,-414,282,230,70,-174,null,738,650,-248,-56,-610,605,-603,-142,972,-242,-889,452,-97,367,-945,332,797,163,-567,864,375,null,-797,-436,123,-417,174,37,909,203,-955,-721,-636,22
642,68,null,466,836,-695,451,-204,null,821,409,830,null,null,-165,-403,-609,-801,-531,null,-505,398,-940,393,180,-244,-531,57,-411,-775,918,-464,null,-969,-244,818,578,-717,-406,-569,-257,204,-20,968,341,null,-959,null,-334,null,226,-598,-23,-215,19
-439,504,-61,-977,915,-278,-80,null,720,753,-869,901,951,-706,-561,694,224,973,327,652,null,315,-18,845,-812,763,-453,-437,739,-491,415,-993,null,454,-566,-410,null,-811,220,-257,720,735,234,742,-1000,null,-201,null,173,null,-11,-463,-905,43,24
82,707,null,976,997,473,-7,null,-96,429,-248,-180,null,-82,-88,-517,326,-805,475,null,761,339,-140,-41,784,-140,712,180,80,203,38,959,null,-592,703,-657,608,-437,-145,231,-802,620,-614,4,-765,203,199,323,427,null,809,-983,-686,370,28
-645,910,null,287,-686,-838,-884,null,938,null,650,-385,82,null,563,697,915,-940,929,240,null,672,-976,948,110,291,-922,-262,390,729,-504,-331,null,-167,-426,-256,265,-146,979,-51,-512,-635,-449,-328,693,null,-436,54,-168,null,-985,-958,709,969,22
-701,-269,-77,-1,971,-440,-288,null,null,null,126,-56,-312,null,-684,-314,414,958,-630,232,632,488,55,152,659,634,917,-120,361,920,-106,788,128,-43,-582,-668,145,215,-265,109,-974,90,null,-5,687,null,109,-150,757,null,492,-198,-455,-611,24
-807,186,null,-581,-160,176,-804,null,532,null,-173,698,986,null,821,-534,790,64,-255,-799,null,-310,631,496,-116,-651,614,168,182,705,830,547,null,49,-536,100,null,499,-146,346,-735,-364,-1,-615,945,155,94,null,-849,981,-765,-293,545,-725,25
-339,260,null,627,-984,-975,944,859,-276,-321,-648,-24,null,-945,661,720,569,-430,-691,null,null,853,504,604,92,919,993,196,478,-941,783,-457,null,681,-680,-480,null,-163,99,921,68,-326,632,-814,-239,144,-10,null,234,null,-201,284,569,-643,25
845,-552,-967,376,329,795,46,581,-821,null,-640,84,null,-487,-385,-269,-105,-281,-295,290,null,-744,-744,-472,-540,-901,-568,-578,-530,-706,188,-242,null,-874,646,732,null,580,6,761,806,550,null,862,-522,-944,672,null,-671,-416,-319,-486,240,-659,19
-144,646,998,662,-491,-85,-645,-619,null,null,790,729,null,-941,-348,249,-197,-478,933,null,9,-262,-782,563,240,588,-276,402,-672,-312,-769,499,null,631,-857,-309,-620,696,463,-219,877,-555,169,-255,-82,null,795,null,571,-76,-217,954,302,-219,22
-879,-366,null,-15,-971,392,620,-15,null,null,384,-13,null,782,-772,-754,543,-634,699,null,428,-175,-905,-660,186,128,109,-92,-74,553,353,-801,948,473,-618,615,-839,134,-687,-592,619,-855,null,64,788,null,505,-858,-137,796,273,445,-615,-215,23
275,-995,-192,-810,-150,-101,584,null,955,null,168,369,483,null,710,445,-623,590,394,null,210,-668,-913,-809,890,845,90,-373,868,-577,-445,24,null,825,106,-618,-261,-285,205,249,573,-12,-50,251,-305,null,-995,null,-424,null,153,251,906,-886,25
-442,-225,288,445,-904,-276,-985,null,446,null,577,-76,98,null,-597,-799,504,-645,-108,943,-510,-918,842,18,465,704,988,130,-951,-864,-789,658,null,227,688,-625,null,978,-274,-11,884,-232,-338,-852,0,-660,-429,null,453,null,187,-901,-949,625,21
-678,651,null,778,135,-106,-578,96,null,null,-313,960,152,-317,973,702,-338,974,18,null,204,-248,-547,431,735,952,874,767,-580,-312,-171,-530,null,-82,884,508,939,247,50,-509,521,-77,null,-875,-460,null,-817,null,-302,null,-370,40,-598,995,24
416,-181,null,946,388,-140,817,null,-900,null,746,777,null,-100,217,-400,215,151,-138,null,null,352,-626,715,259,-809,157,-281,998,481,392,344,-658,530,262,375,-742,800,-610,-989,176,314,null,581,834,null,697,-446,229,null,345,-942,-502,-941,28
566,848,null,947,-604,962,-627,null,565,-403,708,205,null,868,185,-539,-192,832,886,null,null,-333,-24,911,-519,-765,0,809,444,-637,-491,-199,-763,341,-75,-147,-517,316,847,-76,-847,-937,null,745,184,848,-623,680,529,-597,966,-53,754,565,25
-771,679,-511,989,336,454,37,null,null,null,227,-173,606,-887,-652,682,988,488,-201,null,null,255,-949,137,129,391,-893,194,-511,514,196,-875,null,-844,-799,-24,null,-25,886,637,-126,424,null,-741,-826,null,-331,-239,498,-599,999,369,10,-507,24
-964,-425,-470,-983,-600,-731,414,null,475,787,56,-472,null,809,-148,436,495,795,529,-648,919,410,184,-181,916,329,335,417,-29,-901,-287,762,null,-957,-446,561,550,-84,133,-837,-599,565,796,318,-80,null,-767,null,-267,-411,-652,74,936,-944,25
-741,945,-70,-431,-934,-559,711,-844,null,null,479,-509,244,null,-641,-117,225,516,-96,null,-112,-570,-824,-814,-746,-413,-940,-525,-769,829,685,385,40,-387,158,271,-490,-838,560,46,787,-113,null,-651,-670,720,-239,null,-555,null,213,-524,325,-498,18
-444,353,null,774,735,398,910,null,139,-689,-607,-877,null,null,-969,734,-914,-614,-835,56,643,718,411,410,-631,711,184,805,-819,-764,-557,601,-721,-465,-195,-898,null,133,894,825,-806,499,-895,913,-905,null,-299,null,-55,879,-195,-501,-563,587,23
624,885,502,807,176,-899,-122,278,169,748,-566,822,null,null,-550,-445,-547,-591,566,null,-713,-612,-789,-418,-659,725,153,-103,490,752,208,749,null,-300,-505,187,-296,-877,986,459,-554,-295,381,-861,254,-790,706,null,753,895,982,-174,586,495,27
-779,-955,-25,991,592,425,-999,567,-572,-821,155,920,139,-407,191,-751,233,-338,939,null,615,444,533,-300,-765,-575,-29,-842,0,-680,-174,-872,null,271,-850,131,null,985,-743,188,-994,-623,null,950,627,null,475,null,615,-759,-919,766,-65,421,23
-239,85,null,229,885,501,-159,-952,-816,291,390,503,872,null,-438,127,-378,-229,210,null,-514,-131,504,-402,-274,-393,-787,-139,-890,360,-341,-929,null,-787,505,119,null,-964,800,-585,-17,49,852,75,-389,null,-652,-39,860,100,-749,-791,-989,894,21
-627,923,306,-434,649,-453,-228,null,null,-902,781,-335,-729,-560,675,230,-773,531,-918,null,null,891,357,858,-205,541,-295,301,-381,186,675,185,214,839,-292,684,null,-33,-432,-48,-122,524,null,810,797,null,62,360,873,null,180,493,-988,686,27
-457,779,355,989,626,-28,977,-788,-710,null,878,130,null,null,-350,685,743,-840,155,362,45,426,831,-40,-624,908,-858,-254,-95,611,-616,488,705,573,-999,-410,503,-100,-421,860,-558,833,null,799,-13,null,202,null,-585,null,25,-774,944,-899,26
428,563,93,296,585,-333,-93,null,null,-208,-874,907,null,null,-805,230,-506,-709,-724,691,-389,83,-475,-491,-297,969,698,159,-769,620,-167,324,null,949,-487,-383,null,-539,525,-159,-440,675,null,66,-847,null,380,null,-744,null,192,422,218,43,23
806,-889,null,-214,982,601,-113,26,-641,-328,-259,368,-447,-761,-930,629,781,-897,885,null,null,-96,-85,723,640,-88,277,-863,631,222,-203,-998,null,146,12,-688,null,355,-557,-278,87,704,-981,-782,61,552,-6,-697,-570,-927,-994,-677,89,23,22
-953,656,null,-32,-165,-421,304,null,null,null,-991,-369,285,null,405,36,-242,919,-17,null,70,103,179,-569,417,170,-736,398,-111,-463,434,199,230,-999,-116,-446,402,429,-413,675,-502,278,null,-280,622,102,-786,null,928,null,637,87,188,346,26
316,94,null,451,125,-172,-284,-878,null,null,872,-121,null,null,794,403,950,287,151,null,918,-125,-118,-554,15,445,417,-501,-850,366,345,651,886,-787,-975,-432,null,23,-551,-950,959,-630,null,-5,-93,950,891,631,932,367,-200,-421,-905,298,26
-703,555,null,-798,-637,-228,984,-519,-668,null,-101,33,null,792,-661,-929,938,248,717,null,-736,-471,32,868,-577,-256,379,-5,-413,-248,586,900,-204,-628,116,774,-906,-507,629,-455,-799,-189,null,607,159,null,715,null,185,null,11,-687,-22,10,21
-47,-962,null,300,434,276,-207,690,null,-958,-350,-618,-566,null,387,-439,-768,-331,-329,null,null,547,856,921,181,-817,4,519,347,-760,337,808,-559,5,643,865,null,-78,-371,-995,31,588,-585,870,-622,null,-708,null,-169,null,-793,795,881,-591,22
-601,794,null,534,654,57,990,672,null,null,363,-779,null,-438,481,737,-881,-909,-397,458,759,-854,-331,-880,312,344,354,221,302,-372,-317,-578,623,308,-739,427,818,-394,-512,-473,-829,-642,null,770,-241,null,-909,495,215,-494,-194,-242,-896,840,24
-704,-42,746,909,-274,392,106,-195,859,-81,358,245,null,-108,-994,-319,298,-982,535,null,-839,-480,976,534,-363,816,-539,-266,89,722,748,157,null,592,-442,538,null,838,-101,-268,340,-105,null,590,-143,null,755,null,563,null,-18,438,-782,136,25
834,-317,null,849,-209,732,-11,385,null,723,-300,636,-706,-372,-500,307,866,378,219,null,227,-154,707,328,-279,-881,704,351,-71,-922,-123,286,null,-942,-671,596,-129,705,642,712,-387,-93,16,-360,-825,-321,536,-712,952,null,698,-334,206,-776,25
221,184,-652,-769,96,-82,471,430,null,null,960,-184,null,716,135,-473,-766,995,-573,null,-648,-612,42,831,-117,-673,143,417,730,-371,213,-403,null,-534,-292,-458,null,934,205,-208,734,-478,680,921,-200,null,-765,493,214,null,948,370,-565,298,25
432,772,null,-898,322,-584,46,637,null,-60,-276,-509,null,779,403,-665,888,-860,730,null,-394,-800,958,900,-198,685,-961,750,489,-202,988,411,-949,787,-734,-148,954,37,-561,-362,832,-567,null,-159,-826,null,985,null,-884,-385,96,640,-295,323,24
963,-825,null,225,469,-362,-481,-675,445,null,-966,-855,null,-50,-434,-524,622,128,295,666,-1,-113,-656,-923,-724,-207,836,-444,952,-291,-889,-696,-640,-396,-262,-600,null,857,912,-669,166,245,-816,74,172,710,210,-482,-512,null,108,-521,-110,-492,19
-716,159,346,-326,693,-400,504,-808,513,406,946,-164,null,null,305,-5,676,-741,-446,null,null,-224,-302,-374,-672,988,14,130,-28,735,-930,-956,null,798,-18,-683,359,99,833,273,-359,158,null,349,-748,784,-997,490,533,-804,543,-27,543,-3,25
-45,-366,null,-791,613,-673,705,911,500,-525,-203,-548,995,564,773,-852,661,-364,970,null,-367,-773,132,530,-376,-116,-468,-84,124,-17,-23,-418,-322,-121,13,411,null,126,-665,484,-585,294,null,-159,672,null,906,null,-723,-642,819,49,-540,-825,21
-985,40,712,567,-744,-991,-965,null,86,112,991,116,null,-175,-487,-470,-203,-972,-687,-288,null,-575,-553,-855,821,164,315,192,315,-809,583,-408,null,-577,-566,196,-204,-456,-76,809,-923,-511,-312,613,81,null,83,661,-826,null,-808,95,903,-1,21
328,-320,613,-626,-400,346,22,null,null,-980,47,354,null,null,-157,78,-932,-460,685,null,null,-391,186,-181,-318,616,831,-587,193,-655,106,-95,262,7,-293,-6,629,-278,579,556,484,-758,null,-396,-196,771,825,null,-155,null,40,-145,-256,-986,22
-551,861,null,-502,327,336,155,null,null,809,168,-156,null,734,-246,627,516,590,720,null,941,455,614,-155,751,-82,794,-438,-508,-109,-478,701,null,-847,-444,-421,-158,734,-204,-614,-535,156,-970,898,-167,868,-118,null,-532,null,7,215,991,764,25
272,-415,null,236,908,226,-486,-548,666,571,-769,362,null,null,851,-999,374,986,956,null,null,-390,-642,-608,637,-604,278,662,-891,-947,-981,-625,-253,-516,923,-969,null,-877,-971,66,54,-441,461,249,887,-205,941,-265,-822,null,441,-190,724,797,24
-204,160,null,373,-795,-480,-90,-198,null,79,650,-969,null,null,-760,-339,841,-943,-941,-686,null,635,-593,-482,-821,-848,-821,-503,-846,863,-1000,353,816,902,645,-712,-920,973,287,-878,-46,-516,null,-621,-656,-124,-574,-940,686,null,327,-565,607,-365,16
910,36,null,909,-421,56,939,-320,-913,null,-678,970,-467,97,-997,-942,576,290,810,null,786,-830,39,586,717,392,-269,-649,373,-652,-118,499,468,-231,56,-210,-748,-639,-987,758,139,749,null,-199,-240,null,944,808,-345,178,-360,968,645,359,28
-798,-423,-509,36,642,-316,-599,null,15,null,970,813,null,null,-414,307,-582,-878,56,null,-129,89,288,163,-140,605,-405,-701,-601,-649,-646,627,616,531,-233,172,-374,-178,-486,-355,821,917,697,-269,6,-133,839,null,-691,null,488,-448,-865,-150,21
-166,-634,-519,167,753,-91,487,null,-661,null,-962,-75,null,null,-288,-30,720,154,-918,null,-723,768,490,-735,-237,846,506,-854,694,-676,-712,-64,82,109,-336,400,-232,100,-96,-633,875,809,592,-547,153,null,-379,null,395,null,-929,-217,414,837,21
-995,354,null,-521,-971,-102,320,-456,null,null,530,608,202,296,380,637,22,391,917,null,704,-324,-538,-384,75,312,665,568,462,-785,737,380,-100,-699,65,-555,215,-245,-435,992,933,891,834,147,-935,216,218,800,-398,-50,-647,-632,632,-111,30
161,422,null,-750,-367,729,745,null,-646,-656,836,314,-573,null,-639,394,640,-774,182,null,382,292,775,455,189,-485,235,468,-523,-113,740,24,null,414,-555,857,null,-286,989,-494,-811,662,978,-938,-930,null,-304,-593,-609,-636,304,-917,957,494,26
395,709,895,808,10,693,-138,null,null,-879,-795,-43,null,510,-791,971,-364,-80,107,null,null,884,51,475,-260,-418,329,811,-40,-81,-435,821,511,90,905,380,534,796,-311,901,689,291,null,51,-728,-33,-519,null,-955,null,684,300,-577,-785,27
531,488,null,-346,-652,747,-55,-389,null,-826,-641,-1000,null,null,-688,726,407,-724,-180,null,null,481,-805,-420,-22,313,-528,-364,-313,-69,275,-878,null,-952,819,670,null,355,-159,662,-102,-244,443,-655,-645,null,256,null,201,-849,-978,-19,-290,661,16
750,130,null,49,-860,368,442,826,-92,null,348,-581,80,714,291,-25,303,697,-390,null,null,633,-229,347,-53,795,-492,31,605,-63,-259,-694,null,991,-595,532,null,439,748,-303,474,697,696,989,-697,-369,805,838,296,null,-439,342,648,322,31
-305,-976,8,-455,491,-204,753,-697,null,null,554,602,496,null,145,458,65,862,-846,null,-651,-62,221,36,389,579,-887,-13,-395,520,417,-458,null,-15,-136,-741,null,-395,560,-877,-578,554,null,-502,104,null,636,null,698,null,576,-471,652,-529,23
-14,-26,null,912,-313,-230,-386,-862,null,13,-933,205,null,233,-516,-127,840,52,-358,null,-41,-347,-982,-654,830,-293,-195,117,491,523,52,-561,null,146,-883,342,738,-913,914,300,827,-315,null,410,523,null,139,788,44,688,-280,-242,-932,-233,23
407,-795,null,520,-822,834,-500,583,833,null,832,886,-706,null,-47,-802,749,760,-771,null,465,-989,918,-999,-216,281,-508,78,-270,423,430,186,null,-669,-647,-347,null,270,102,677,-614,-335,null,468,140,-530,172,null,741,-226,-54,578,903,558,26
357,-630,-830,-372,615,215,-286,null,-40,-267,575,-368,null,null,231,-767,-553,144,753,503,null,-635,980,-90,904,222,250,-802,-238,-696,-100,143,385,-728,703,-63,null,826,-192,-950,-270,386,319,-308,-671,482,-976,null,-200,201,-266,-606,747,-82,21
152,-17,-680,92,148,614,-702,null,458,436,-128,-759,null,null,-435,165,312,-979,-8,93,919,1,-820,926,894,997,699,147,610,-487,-37,370,840,-896,246,-222,-695,-292,374,-248,761,559,null,876,251,null,969,-346,-123,null,132,190,492,745,30
-155,-185,null,127,477,-658,-579,437,null,685,-419,86,null,null,106,-792,883,241,-899,-225,null,905,-762,-694,-982,632,353,517,174,-578,-494,-425,null,-974,-382,-634,-842,220,853,-78,732,-189,-310,-471,-791,null,-950,547,-96,-644,-619,-372,-750,-662,17
-890,-214,471,837,501,48,-697,null,-125,null,-16,224,null,-665,929,-758,-464,205,80,null,null,-944,-851,-836,272,-50,-956,-901,821,-243,-35,-90,574,-268,550,-215,842,-103,-885,-979,27,-999,856,968,-58,803,-219,-923,-277,-549,-587,866,883,632,20
370,894,null,-803,808,711,-827,-624,null,-236,-921,882,null,-830,219,132,270,-188,878,null,264,480,-954,207,107,-964,125,-667,-900,-177,-16,-662,null,-425,378,582,null,618,-78,430,490,619,519,-642,719,-324,19,null,-25,null,862,-576,235,91,26
948,-105,null,-232,112,-377,-890,-707,915,30,786,308,null,-921,121,300,285,883,870,null,null,-919,-610,67,581,-810,-34,-145,225,-88,-44,533,null,410,221,-208,null,68,495,798,-474,313,268,-494,-968,772,904,-133,-103,null,459,506,772,-87,27
443,-187,null,-500,-355,-368,545,null,null,null,923,-317,null,null,-725,-48,-265,-159,-184,-40,244,998,-347,23,-783,741,904,-672,-963,931,648,-387,-970,130,-71,241,null,-785,-451,-882,-865,122,-844,-679,339,-956,912,-20,-604,null,416,2,-473,741,18
-464,-269,null,-282,-187,-463,385,858,79,665,137,234,31,442,-19,-136,419,-573,-766,null,47,813,-240,453,-944,-585,-42,107,-786,966,-203,968,null,66,244,183,457,-258,-934,-339,704,-460,377,-344,419,null,49,null,-253,-948,-864,-630,828,653,25
197,580,null,79,262,327,517,null,-972,-306,686,-167,-243,-19,261,-146,-1000,903,671,-249,null,-416,-982,799,845,-701,-641,-980,633,-954,702,635,null,-459,-891,555,null,-245,293,996,217,4,766,188,-165,478,-408,-654,33,null,-675,-309,56,813,26
-730,837,-733,-254,-445,347,-592,null,null,-182,-492,395,null,null,888,241,-856,-692,-394,null,null,-173,-882,886,-983,929,210,708,-712,466,-430,-10,-368,932,-296,916,null,-551,628,-700,-998,240,617,-251,13,-994,284,-144,-699,null,405,-277,-688,916,19
-325,-419,-662,-612,-703,172,-234,-912,null,-20,-567,909,-239,-322,-474,847,-235,863,488,663,null,495,391,-775,-618,-829,-942,452,744,-13,-686,681,null,-857,-675,-557,-981,-778,-151,-150,320,-939,null,-202,962,154,666,null,-408,null,-560,-139,171,-102,16
718,-955,445,-616,919,692,48,-307,-747,463,662,564,397,-45,-721,859,-769,586,-433,null,-864,471,825,-391,230,352,-562,640,-157,-908,-549,-455,-250,-663,-7,700,null,-887,-410,-755,-890,-747,-25,-661,-353,-842,-860,null,563,null,732,-19,-781,186,20
-621,-491,null,745,-209,-22,-973,null,306,842,-372,917,null,null,619,327,-327,-391,-339,null,null,-266,561,908,565,-615,382,-708,-971,276,-997,-401,null,72,713,-738,-758,-534,328,-166,502,-639,718,-854,-95,null,-153,-240,506,783,-847,-527,-446,-327,18
92,721,null,-328,-663,-140,141,null,309,null,-996,-655,-303,-458,-188,-165,290,-956,113,394,-493,-736,292,-626,-87,-110,348,-857,629,-483,691,404,-137,937,-861,-762,null,-472,278,840,450,129,-325,-960,260,756,955,null,-516,null,256,-690,434,-305,22
795,454,null,392,836,-997,720,null,null,943,72,-139,null,null,102,-826,319,904,213,null,290,114,120,125,806,323,626,432,-467,758,110,943,null,166,-614,871,null,-845,-229,-480,-16,783,684,213,-459,null,-854,null,762,941,167,-14,542,-85,31
-302,407,null,674,-237,-920,805,null,-397,null,-114,-975,-962,null,619,-986,-863,222,-238,null,null,-501,249,180,-249,-458,720,-839,804,-612,-911,-54,null,-457,580,-873,null,195,-144,664,-408,730,null,-128,-50,-75,-909,-579,-956,959,713,584,-760,-505,16
244,-380,-194,-681,883,982,-577,null,null,null,-886,466,-285,-345,989,-536,170,96,-712,null,745,192,153,472,277,366,-987,490,955,-639,-851,-661,null,963,-326,-426,-807,485,-722,977,-286,-319,null,-558,452,null,-81,958,609,-297,319,118,417,234,25
-659,601,null,-794,-74,-271,377,324,609,-836,704,929,-239,328,-95,-216,720,-160,-430,null,null,602,826,-483,-169,625,933,-760,-771,432,-765,-64,554,446,-645,-228,-811,712,285,326,-406,-542,900,242,-195,-475,-236,null,956,559,683,765,160,635,26
-242,675,-708,-692,590,997,537,-716,null,-523,445,-642,null,null,670,687,-830,698,66,null,null,-883,-947,301,863,-115,-844,772,-478,-706,-59,744,-92,-176,-927,-310,-739,263,-689,-335,-499,267,null,-333,-234,null,70,null,130,null,598,464,238,-481,20
658,721,790,956,-678,-428,445,-867,null,-403,-277,-571,-347,null,-177,984,570,519,-614,-487,null,-307,-493,-876,-240,547,-245,-113,312,866,-910,2,null,-482,388,858,-348,-146,288,-410,-766,-892,null,-603,906,null,-690,null,-102,null,-305,466,428,236,19
165,393,314,577,-649,-727,-21,null,105,null,-39,674,995,-268,621,897,-854,-851,275,125,null,310,671,-968,-451,-765,970,-332,-356,-199,214,-774,673,64,235,-536,-182,-257,-166,158,109,393,-242,603,-213,415,442,-119,919,-243,420,187,826,468,29
201,-987,null,550,-172,912,159,null,null,null,-735,585,33,null,-624,-42,-55,205,426,null,null,921,651,-698,547,-941,-56,837,857,432,957,26,null,106,-332,442,null,-151,-74,-157,-968,511,null,609,-845,711,412,null,547,null,614,-648,828,-926,25
-42,252,903,399,-435,-727,-542,null,null,null,227,-952,null,-573,-471,-856,-35,923,-219,null,null,-291,-836,11,29,-414,705,-849,839,-245,-413,-891,null,-602,-764,-788,null,-86,908,65,-115,612,null,858,137,null,-946,null,-806,null,-389,798,773,-909,16
-567,-672,null,-502,341,666,-706,null,985,-545,-12,233,-997,-806,-987,-533,222,-233,-407,37,null,-783,68,296,-620,-903,-865,595,-546,38,423,444,531,-442,933,-760,null,876,826,966,-105,536,null,665,541,-303,-187,-346,57,null,522,525,616,-663,24
790,250,null,-90,322,-502,-136,565,-48,-11,960,-840,null,null,-544,746,871,666,-671,null,501,-297,-925,-561,938,518,593,558,-61,-849,933,-752,null,234,516,-100,null,-328,346,494,721,580,null,-122,-641,null,284,-16,-685,null,72,921,-70,829,24
-228,392,63,-468,937,-961,130,null,null,null,-207,642,931,null,-502,-4,774,-797,781,null,440,90,997,912,-110,-119,229,895,68,-183,762,558,-129,-969,774,994,null,-695,370,880,234,952,null,-459,875,265,-541,null,-7,-754,-762,-2,885,-251,26
314,-22,null,814,680,-421,-329,null,664,-712,222,274,null,585,-801,275,-83,822,272,null,null,-957,750,85,-41,930,482,-272,537,871,125,-101,null,34,-907,902,null,782,820,-299,-185,-233,null,-34,-393,null,-342,null,-387,null,510,460,688,492,25
681,-685,null,856,-456,442,368,597,null,null,634,-470,-800,null,-749,-729,-387,222,957,-515,326,338,-958,994,223,870,725,751,-440,733,-508,-867,null,457,637,58,null,744,-424,-874,195,-601,null,-384,506,-533,131,null,555,null,669,662,67,621,28
271,-984,null,104,-496,763,-611,-652,636,674,-447,-108,null,null,-283,-525,-233,-524,477,381,null,387,-990,-399,304,675,620,-580,-13,-561,711,-935,null,688,91,153,57,259,-343,-482,-786,564,null,-399,-430,104,430,401,-690,353,965,614,-854,-32,24
-682,-674,null,-978,-137,775,-760,null,-45,337,-832,352,855,-827,51,-477,-473,796,-883,null,null,704,35,-288,-720,331,-238,391,-116,3,-71,-319,280,-970,-144,941,null,330,442,579,249,-553,160,428,95,254,971,null,-372,-62,768,507,918,954,26
148,191,-86,-365,561,-921,954,296,null,null,-187,-712,null,null,646,-761,332,-884,-57,null,null,294,863,132,-498,448,-161,-943,323,590,571,-834,null,360,419,483,null,389,630,-90,-409,688,null,-749,-296,-976,-638,566,-994,-850,992,-839,-531,-445,22
-896,-929,null,-475,-409,-323,-503,-756,60,null,-123,720,-442,null,-353,-393,246,-227,959,null,null,463,-485,180,-741,-29,-504,730,-178,-78,172,-920,-967,-464,-279,987,-687,-262,883,620,-958,-766,null,-813,932,-359,-8,null,318,693,788,374,278,-292,17
-876,658,384,-342,392,205,91,null,null,-137,533,-495,376,-687,39,-363,437,199,-218,null,-679,-656,941,-303,818,-506,583,-1000,-988,-437,-791,852,null,459,22,-559,619,-825,92,-846,820,505,172,-725,775,-95,914,null,-224,null,-838,-995,278,-364,24
63,-430,null,-744,-366,-928,-264,-221,649,-67,578,586,null,null,211,621,61,-238,870,null,null,-342,151,48,462,383,345,-22,-45,-144,11,390,-188,19,-991,150,-582,230,-739,244,193,731,-447,-346,-179,null,-215,15,-964,null,66,-114,603,449,25
486,289,366,-722,982,-642,798,null,438,-47,-212,543,-9,null,-341,839,863,592,-917,null,756,361,583,-731,-621,920,938,326,-727,-989,-832,785,null,769,-432,994,-111,-629,-686,629,731,-132,null,-887,762,424,895,-772,19,null,-526,818,524,-69,27
-833,-395,null,445,142,-599,130,null,null,59,2,990,341,null,458,-186,54,37,492,null,null,53,938,679,-340,963,-179,-550,210,-74,-653,197,null,732,-453,884,-942,-861,151,-490,-264,-705,-920,-60,863,null,-988,null,905,-498,-436,-263,371,-914,23
-828,808,null,543,-146,-88,-456,-509,null,-51,993,733,null,-410,949,418,394,815,-618,null,669,419,-124,-330,-65,-778,-809,-477,236,39,127,97,null,612,189,-796,-822,-962,-452,359,-618,-130,-2,-679,936,-359,854,366,-369,null,707,-326,-967,-964,21
481,384,-697,748,-557,-830,-788,55,-562,34,-528,-645,null,836,323,-462,725,-926,-308,null,-920,-833,-827,-255,823,-773,-747,387,770,-27,-71,-247,null,638,930,-511,null,-365,402,731,-454,-548,null,304,610,null,-486,429,-850,null,762,-29,655,-368,20
503,471,126,-434,288,-908,-810,null,525,137,-560,491,-583,-544,80,-646,53,830,-939,null,null,964,378,99,7,-993,-335,-947,551,-29,349,-28,995,180,-78,577,659,812,-267,-489,390,434,-873,241,353,null,752,null,605,801,29,245,808,-852,31
-316,16,-593,111,125,-584,-999,null,null,null,-821,727,131,null,-209,72,864,-794,-390,null,-34,-405,-519,302,405,-930,-425,-530,-160,-178,699,26,980,816,282,-411,538,-806,-230,236,-546,-545,972,-574,860,null,743,null,-995,591,-133,-567,-446,864,21
848,17,-918,-309,-485,-869,-565,-299,null,null,683,772,384,-472,781,-511,-477,701,512,null,-361,763,156,399,756,-416,-129,656,-800,-242,998,-649,null,361,-806,-912,-588,-135,-720,-251,-251,820,null,-847,254,38,-129,null,443,null,918,896,-842,-734,21
-15,-66,null,782,708,153,-445,null,440,-791,-69,905,828,395,954,-772,333,-555,370,null,null,896,-490,-2,-569,111,-589,-612,215,-770,-893,-818,179,-932,174,-793,null,-788,246,-345,-1000,143,933,10,-824,606,198,null,-440,119,-427,267,587,-724,24
715,-591,null,-536,-725,651,-520,991,-426,null,839,449,null,-201,-485,969,728,-499,-127,608,-845,588,-109,-460,-224,-762,-50,633,-64,429,825,177,null,44,272,-351,-734,390,816,929,-394,-111,206,919,-480,957,195,-155,410,null,480,95,-450,-403,25
149,-615,384,-558,-800,117,700,null,null,null,825,-799,736,null,-933,194,563,-216,947,null,null,-492,-566,129,153,-387,-371,-917,307,-393,66,-479,760,999,-23,-234,null,-742,29,694,268,523,-42,-341,-693,null,-185,-895,-74,953,697,-467,-882,-681,21
529,-892,null,-408,885,443,721,-350,null,-542,-420,-427,null,-538,-293,-254,-921,-527,66,null,263,-867,10,-166,-201,26,942,-547,762,295,-500,956,766,-848,-253,632,363,-198,283,975,927,267,null,-940,-746,null,-862,19,254,null,-628,928,885,583,24
477,806,null,273,5,356,-315,null,null,101,166,203,null,853,-646,0,63,41,-375,null,null,952,-70,-78,-869,979,515,891,379,343,46,-522,null,526,535,-555,null,721,-953,414,523,-226,670,636,69,null,-142,-100,-11,-441,675,-467,863,-945,28
-984,-262,null,-253,823,226,-776,526,717,null,-612,-594,null,38,-575,-715,961,858,-808,null,-799,-56,804,-354,-333,-767,679,167,-888,681,255,-983,-701,849,491,-830,null,-23,988,-492,-819,896,-479,-43,959,null,687,448,738,null,961,525,-194,-862,22
556,896,null,122,-488,811,-590,604,153,null,73,194,-145,null,-516,-25,431,588,223,null,null,-84,-140,-782,-782,-510,-628,117,-601,-613,938,332,859,-84,-549,827,null,46,-219,317,-2,-149,null,886,932,-770,419,null,-171,892,-540,-64,-676,370,23
719,-498,-444,463,-448,-912,-179,-514,null,-634,112,-102,-332,null,810,-165,-47,-401,350,540,161,129,701,-137,908,409,-581,-751,246,347,-439,19,-302,505,418,-658,null,186,-968,657,131,727,-370,-22,-48,null,230,null,-545,null,-614,482,-98,-113,22
738,271,-149,46,952,-449,-550,-709,-260,null,-36,-407,null,-676,-821,545,-165,-175,747,null,-856,60,-383,736,-942,-836,-894,907,328,21,-753,990,null,-777,548,-489,287,-523,-402,314,974,-693,468,-934,418,null,89,230,50,-990,790,357,11,-868,24
82,95,-59,-450,175,-227,-39,null,490,null,312,-536,-594,-386,-694,-562,407,-818,-736,null,517,-967,207,-517,-255,-526,17,537,835,283,55,491,null,-254,-30,-76,null,976,-29,-180,-492,170,-682,678,447,null,224,1,553,484,343,348,-146,-292,24
-345,-426,559,-580,-772,409,657,-404,null,979,-797,493,null,null,523,26,-612,-302,-832,null,-211,598,-168,558,50,-88,-178,432,-853,881,-35,-939,null,-401,-949,-566,null,-637,-152,967,438,91,-815,597,114,766,-370,683,610,null,-854,-828,-379,-509,20
362,190,-414,-197,-263,624,-487,null,null,55,920,384,null,807,-925,-25,465,271,288,-176,170,-819,618,-763,-874,-553,645,946,595,72,644,499,-705,719,-820,727,63,838,-645,129,106,-925,-394,277,993,518,754,null,-691,456,-775,777,518,644,32
742,606,null,-863,292,547,-726,-653,null,-568,-306,523,814,null,-986,776,47,379,86,-549,null,-453,-57,827,-809,-721,-95,219,701,-887,705,565,null,788,238,-904,null,363,-547,918,-630,-540,null,-554,-326,null,-522,null,-616,-384,-369,489,739,370,22
-816,-756,-829,330,-363,20,786,null,null,-72,382,56,122,-377,635,-392,516,-10,446,null,-436,798,734,-637,-856,-506,256,-269,432,-820,342,567,null,739,-80,204,-579,814,225,753,-833,691,269,797,-211,null,397,-400,-573,null,-282,-787,-778,606,25
345,-81,null,-990,5,469,-774,null,-421,null,-757,48,726,null,-564,496,95,-348,-596,686,-863,671,319,-81,-499,54,623,216,-676,-847,-920,859,357,851,-595,296,-66,-380,-367,-718,-422,-411,null,705,-714,643,-491,null,-378,null,40,-419,469,-83,21
-261,413,869,-851,-529,-186,134,null,-165,-610,-747,-349,109,-1000,-762,436,-851,884,412,null,null,678,-200,-196,154,187,282,-791,-526,491,-649,-351,null,-498,975,833,-194,995,-779,-622,-381,-104,null,-487,-989,null,3,-295,721,-989,350,-46,961,863,20
674,-40,null,-822,743,37,-828,-104,null,-691,800,-440,-697,-4,-63,618,-54,135,326,null,-248,-519,731,655,439,180,-813,-627,217,-48,209,-182,-546,-53,118,-664,-532,-497,-111,515,585,-365,-345,-299,151,null,-965,null,-407,null,374,890,-554,341,20
651,-734,null,848,-40,159,407,645,null,null,-989,-258,null,-883,-160,575,-686,977,984,null,null,-81,344,-166,-72,659,-194,-532,-21,783,933,24,null,356,-861,201,411,-271,-243,-620,-515,-67,null,647,-207,null,483,472,-211,null,926,607,-254,-677,21
-618,526,null,-612,666,-432,701,null,null,null,-43,164,-294,null,-655,223,-396,837,991,-7,926,-882,-127,-209,-407,-590,-805,-461,-749,722,717,987,null,532,987,-511,-947,-299,-687,918,-957,842,189,654,181,-68,-876,-458,-175,null,879,-5,590,-87,20
-345,307,null,-569,-310,149,-761,18,null,631,648,-556,null,null,686,429,73,-911,-766,-165,-883,879,-871,-372,378,452,232,-322,-248,-802,665,-552,-748,118,-568,652,584,291,838,-649,-679,206,936,-846,-689,-467,-899,null,-688,null,-61,-732,494,-24,21
-422,547,807,385,-837,897,-698,null,678,null,188,-797,235,400,918,529,-476,56,-24,-636,null,728,981,-9,969,214,-295,403,-652,-155,-239,613,432,679,605,-256,null,358,301,-846,-616,-714,null,-139,437,-389,266,null,-53,null,-93,949,-183,-244,25
795,62,-697,639,-767,-623,-289,994,106,null,360,-950,602,-38,-510,641,718,396,-714,null,null,-958,-500,307,-642,-687,-475,224,-602,446,-370,-911,40,-267,494,-487,null,-967,-869,215,173,-30,null,442,-464,null,211,-922,-80,null,201,-374,373,834,22
-786,-455,-65,269,-20,378,-400,-771,null,281,-380,-754,840,null,463,-289,-683,561,592,null,337,640,231,-490,-25,-207,-940,-3,693,217,-675,329,951,-27,709,-112,null,244,234,-109,630,-679,606,636,188,920,892,224,-581,9,404,478,131,254,29
307,-833,null,-805,325,-354,-61,null,null,221,-614,-367,-705,null,402,180,-958,893,744,null,-424,894,547,32,-310,910,326,-444,-957,206,-853,273,-341,288,525,305,null,914,-860,545,-404,707,185,-264,-773,null,665,-271,907,null,682,-801,734,20,26
714,-702,347,39,-386,-613,296,null,-706,823,28,768,null,null,883,801,24,-620,160,null,79,159,-958,975,943,999,582,-295,-252,-466,965,-384,null,-103,-987,-642,-145,936,-851,825,459,-760,null,293,-371,-357,-2,-952,176,null,-130,-297,-957,-417,23
-159,365,-983,-493,525,-28,105,-376,null,-179,-659,252,-378,null,466,221,838,568,310,null,169,-191,149,-151,350,-95,562,682,437,-569,-161,973,null,-995,833,252,null,-896,-883,-474,510,424,null,-213,-321,92,-628,-945,177,null,-154,-163,-243,-535,22
517,228,null,-202,34,-29,301,null,778,-253,513,216,null,null,599,-984,-54,595,932,null,-144,5,-39,579,-923,-342,-843,154,-625,46,268,-617,null,-141,17,380,null,641,-164,153,-95,-644,-479,581,-775,null,-661,null,-169,82,519,-855,-38,-449,22
-302,712,-503,-210,188,-340,-874,814,null,null,700,907,null,null,301,-9,224,385,725,964,null,17,224,-708,-129,854,-784,-755,564,-707,-975,-170,null,-566,973,-624,948,215,-577,857,-265,384,379,329,994,null,158,null,687,392,40,-23,372,139,28
-364,-491,null,-857,363,-343,477,null,null,122,-986,-704,null,null,343,413,26,402,627,null,null,711,-756,-681,-547,715,693,-58,66,-119,-815,-607,null,-674,188,588,null,-747,127,538,577,-437,-815,327,396,null,634,null,396,-655,-8,-840,762,197,23
464,-948,624,586,-818,-714,-697,354,407,null,-361,429,null,745,-573,470,524,507,977,null,0,607,778,-118,-504,30,-506,-244,12,121,-118,-472,null,557,-755,-231,760,334,652,923,-211,-741,-525,-213,-992,null,-727,-347,-226,null,-643,903,-881,-926,22
514,598,null,534,119,321,-999,null,-92,966,610,-284,null,859,-920,-379,-740,10,873,null,null,-334,322,233,398,-945,-687,852,685,-598,-712,12,null,-146,-30,-850,null,-594,647,972,929,792,850,868,617,-5,607,null,-111,null,-600,-842,630,962,26
-487,568,null,92,268,-753,-275,-550,476,-942,193,-914,null,942,-142,805,910,792,-264,-536,null,-336,393,728,-455,451,-717,-874,-83,462,-988,-961,-914,-274,46,-368,682,-591,-602,-112,-579,-328,null,-306,652,null,904,-57,538,null,-853,316,-203,-135,19
209,936,629,-237,493,651,-742,735,null,-655,-977,-906,null,null,304,770,63,638,-667,680,-67,-793,256,-639,-291,850,-346,-333,498,45,161,-502,-372,765,-281,-20,905,-931,161,224,975,914,-248,-68,-626,268,212,null,366,651,-555,-373,-904,-812,26
870,-982,76,938,-208,176,-744,364,683,null,-113,839,null,-859,82,-709,49,-396,821,null,null,610,-930,-411,-352,-762,27,-100,-874,-851,850,-308,null,39,-568,-656,-128,684,917,-912,401,679,null,378,-587,null,947,null,863,-632,271,-694,462,-858,23
-139,-332,-269,771,971,-291,253,null,null,null,-245,-593,-281,null,-345,166,-667,587,522,null,645,725,245,-13,-162,-433,814,582,118,698,-655,-407,null,198,-398,-144,351,931,949,86,-859,218,null,293,-214,null,-80,null,325,null,14,-694,262,-544,23
-740,-251,681,110,938,677,-950,null,null,null,-744,-975,-28,-861,-618,-238,-468,-881,748,null,-615,852,-653,490,-731,981,920,-928,120,46,-357,-542,null,294,959,-445,326,-25,306,-447,-859,-331,null,-213,-448,null,-373,-355,-750,null,-617,-569,-619,-181,15
-555,834,833,-186,168,262,-594,535,null,null,700,524,-110,null,-460,-840,-823,-372,46,null,null,575,465,208,302,-550,423,453,-917,69,-52,128,-18,-929,144,-355,null,232,-259,602,-101,19,793,-962,-736,-56,-297,-158,-640,null,-748,105,-90,-579,22
-116,356,null,545,-250,-823,537,-77,null,-347,225,790,null,null,-510,991,-659,-212,-948,null,-463,617,94,-589,615,-434,-715,101,-399,-974,-614,844,354,-785,823,-747,null,-476,-514,587,942,632,null,568,-391,-947,978,null,-940,null,832,33,693,-252,21
-131,411,-132,785,506,541,-659,null,null,null,989,672,null,-17,-229,348,367,280,-188,210,-752,996,31,46,-150,743,788,31,756,-254,-308,-921,92,173,-795,911,null,102,-246,-455,-321,699,null,-565,867,null,891,null,836,-520,482,208,-895,732,28
-735,-112,null,-534,816,-545,602,null,null,-141,-244,-229,null,-5,225,60,862,-332,-783,null,-704,-124,1,344,811,18,-713,369,740,-711,-444,-907,-381,759,560,426,null,858,-362,-21,-159,668,541,-500,466,-830,-283,null,501,null,-187,808,603,684,22
504,-848,708,726,723,327,-103,-314,-449,752,596,-45,null,null,-98,-170,150,853,795,null,360,-741,-964,-824,-828,253,-271,-458,180,936,611,-37,null,-561,-701,159,820,894,113,-770,-374,-47,null,-248,-314,null,946,null,564,287,-647,-808,98,512,24
-827,591,-431,-2,-519,527,-902,-990,null,null,998,971,null,null,-592,-274,-817,342,776,null,null,-854,-252,-511,742,-81,745,574,-667,26,320,-664,-906,486,-579,-314,840,593,753,-62,-104,209,-715,-618,72,330,937,null,-436,null,299,-343,210,759,22
930,402,null,964,983,872,6,715,null,null,-417,707,208,null,-95,135,-762,-585,-121,-918,null,-953,202,783,-151,357,658,446,-913,-183,-605,-171,null,-909,-882,-981,525,-330,850,-739,824,-528,-242,790,-149,null,-69,956,-13,null,109,408,-996,543,23
-186,397,null,-317,-752,857,754,null,899,null,-877,-777,-977,null,-83,-809,530,291,748,-422,-293,-463,-393,335,-184,128,526,993,-588,-134,944,498,null,219,973,-297,849,-928,-644,-179,163,664,null,824,414,null,309,29,657,-155,-495,-718,970,-881,24
686,431,-49,19,260,-662,265,null,-210,74,178,387,636,824,141,715,890,-506,-363,null,20,765,332,967,278,463,-176,640,-655,-770,-414,963,421,-854,-62,337,null,-676,-55,305,-816,-560,null,-432,928,null,-165,null,168,-191,-593,304,-164,-650,27
-545,701,-348,193,5,-341,813,29,522,null,241,-515,-574,null,976,423,846,-671,844,765,null,-499,-331,-886,-653,906,-564,-670,-895,588,795,-725,null,260,-773,-103,null,183,662,855,175,-757,-860,370,571,-402,516,24,-696,941,-102,-915,-783,843,26
-61,-326,684,-593,114,844,744,-763,757,-358,-581,-151,53,null,717,837,427,-737,632,null,null,-358,-845,734,917,860,487,-762,471,-724,-545,-851,null,90,-389,190,-378,831,406,-604,-215,563,-168,104,-229,-598,257,null,658,-531,379,-806,730,897,26
321,230,null,-508,301,384,339,null,-681,null,449,-551,-486,null,-416,833,730,111,-500,34,931,436,-374,963,240,-504,621,-829,538,-801,-236,-433,122,454,-869,-606,null,-726,-932,577,58,-32,null,-197,774,666,540,null,945,null,412,363,239,955,28
905,-947,-33,-779,-710,-618,100,null,616,-896,609,-134,null,664,-708,-126,845,-21,-198,null,null,-12,272,-508,181,33,973,-511,439,141,-217,-171,-191,-503,22,-615,-931,109,25,-866,-317,485,231,713,-367,-993,311,null,-123,101,714,-139,879,270,23
983,-163,-85,-329,435,-206,-231,null,null,null,862,-587,-695,137,569,777,-656,337,349,null,107,436,-945,169,-67,781,12,96,531,524,-20,868,null,818,-754,422,160,-266,-817,307,850,855,-245,734,-822,639,-66,null,-944,null,328,-95,956,345,28
665,705,845,300,977,739,-794,665,null,null,247,784,null,null,-917,806,74,937,528,null,-458,352,933,-413,629,987,230,-303,677,594,-467,-305,-738,-832,-200,58,799,101,-147,739,358,-441,null,228,-915,-279,-362,null,-768,404,895,715,-151,550,30
970,-654,null,167,333,125,252,966,948,-536,477,-352,-746,null,-846,670,676,177,101,-871,796,733,-751,-749,-753,331,570,9,-918,-500,155,-73,-662,797,-415,-73,null,52,-996,-739,562,964,-358,300,641,411,-294,-478,-123,null,-212,-340,-824,-105,25
-654,-709,-858,988,-438,-504,38,576,null,null,266,-339,-179,null,-456,-430,-935,-272,-316,null,545,842,890,-282,716,-666,252,-337,432,281,-760,-30,-741,-251,822,-528,759,-645,412,254,-815,263,-294,-652,105,798,52,null,-422,-67,317,-464,636,763,22
-211,522,null,542,-439,292,808,null,-393,null,489,-323,-133,null,569,-215,-55,869,68,null,-462,-545,-619,938,-478,777,262,808,-656,-830,-922,491,null,-43,-400,-748,717,881,-308,966,-722,-721,-169,-713,-914,665,-954,-833,209,null,-723,-985,802,-56,19
955,-181,null,748,196,-170,-980,-87,-572,null,36,-45,null,null,-884,-36,614,-480,-228,null,null,17,599,-530,-223,513,-209,-661,531,641,698,42,-5,-703,902,115,null,898,-529,-485,-811,-888,-612,-611,-577,null,-418,-169,-246,null,-457,919,-712,463,17
818,877,779,-406,303,-407,299,null,null,781,988,-263,6,562,-91,-416,126,681,431,null,986,-642,110,-915,377,-510,-527,758,472,-72,-67,-157,null,-399,886,843,-273,-72,-673,-210,-458,-451,509,602,876,null,990,248,471,-250,525,-950,-777,793,27
294,-343,526,-724,-153,-470,-556,null,-422,null,849,-872,null,null,951,828,497,-93,-15,null,-135,39,541,-630,155,362,737,-666,-335,-436,-423,220,-47,332,569,504,674,798,752,-533,-599,-68,489,188,-419,-426,-97,45,-513,121,-806,221,458,168,25
-765,452,null,984,-776,40,511,null,-217,null,777,-628,133,-735,582,-775,146,-875,93,null,null,815,-50,381,508,-967,-145,122,71,-194,-801,-467,633,540,731,253,null,-414,646,318,390,551,null,949,-870,null,771,-175,-309,null,-724,-969,786,-158,25
-174,822,-611,-555,239,538,-151,-397,913,-371,-424,-504,null,98,-999,-281,-270,-521,415,null,372,535,-373,-831,-96,529,374,-5,-951,-543,837,-414,null,-355,-931,536,-732,128,571,379,-496,-2,-375,-960,-624,-671,743,null,-29,823,-81,-962,902,-284,18
928,446,null,-208,-97,-75,-635,-684,null,-784,-268,-405,-261,-163,-524,938,-71,819,-147,null,-22,-710,570,-517,6,183,-64,361,342,-879,311,-274,null,741,-747,218,null,573,787,775,-306,-412,null,571,446,217,536,null,402,null,416,949,514,773,24
905,-922,-237,-800,863,-984,-91,-320,null,702,81,433,null,null,-613,813,83,-222,-735,null,null,329,924,187,90,847,657,540,-270,-411,-655,-961,-666,222,307,-602,null,438,-759,278,-806,-34,-136,573,409,null,-39,null,-404,-217,17,-736,-886,-754,21
-325,480,null,534,-711,785,-237,null,null,null,200,110,-711,-941,-449,100,475,-372,-757,null,-87,237,949,-534,966,81,795,719,611,-347,191,136,632,-916,793,-628,null,284,470,-930,558,-14,126,900,574,158,-138,null,156,477,-529,-641,887,914,29
-546,-200,null,697,899,678,-824,932,null,null,431,-607,821,628,805,-981,423,-274,-218,null,-971,-86,-561,-382,295,-770,-630,-68,-977,62,66,-285,288,259,907,847,null,719,633,157,-447,-594,null,-783,-821,null,588,null,-665,344,334,136,530,-552,24
-45,945,-103,43,395,605,-482,723,null,690,-544,960,-412,null,508,881,-162,-137,628,null,596,583,-901,530,407,-36,-367,-598,852,500,-195,-880,-576,152,648,993,-171,419,-320,623,-177,281,null,-541,312,null,928,null,-417,-415,-627,-60,-602,-534,24
-457,330,-136,-207,-908,-874,-603,null,null,450,-388,-68,-884,null,85,468,935,-66,-497,null,null,420,774,-301,498,-137,-296,-96,-326,308,-486,-746,329,-900,-935,860,618,598,-935,-140,735,153,-923,529,185,null,-677,null,-1,-563,-813,-878,198,-263,18
-439,-599,100,101,-272,-484,-548,null,662,null,657,61,null,807,-988,53,-569,552,205,762,null,594,-361,-920,-163,772,784,-474,136,387,606,-978,451,-3,-149,-972,597,-386,48,392,-750,-459,null,-182,-244,null,373,null,-394,null,-255,-398,215,-176,22
-724,32,570,685,-87,464,773,-121,null,null,-611,292,650,null,783,-920,483,55,293,null,857,-556,-700,946,376,-378,-956,-31,526,-257,-309,358,null,-457,953,537,null,817,38,-533,-269,-490,380,201,-649,null,814,null,-857,-636,-594,341,-796,270,25
975,276,null,-69,226,425,398,null,null,580,107,34,null,null,-53,-650,-184,-880,16,null,null,-499,-427,747,773,-726,-228,428,-397,698,436,-556,null,-801,877,-895,-127,140,822,249,-898,228,-403,454,142,751,490,null,-64,null,-927,812,816,-842,25
904,-735,null,-807,792,131,557,null,999,null,880,-514,228,null,158,-389,306,-14,576,null,null,166,-185,-76,-161,-347,-13,904,-171,655,-303,-990,102,539,-713,559,-828,72,-630,892,-971,-642,null,-954,-517,null,880,null,-255,null,-514,494,-487,316,21
921,286,null,906,913,-674,-781,null,null,360,-375,-764,908,null,-360,334,-465,-663,-558,null,-948,-320,-797,963,-638,-652,741,-691,-565,-526,647,-392,-418,-466,127,850,-280,860,418,720,826,-420,null,-642,696,null,588,null,-947,null,-551,-291,701,-475,19
678,-849,null,-982,973,-664,763,null,133,null,-276,276,null,null,507,-458,250,374,400,null,null,-705,-594,-101,975,-947,-873,-560,541,-235,-800,341,-188,-215,444,-276,98,-84,-507,-147,-367,591,null,828,942,-848,104,null,-158,null,449,637,836,-791,21
-219,593,null,-519,-543,-169,63,null,-740,697,-9,-494,null,-48,697,721,583,-912,722,null,701,160,-964,433,-822,676,-618,-941,67,382,-49,880,null,403,404,-957,null,-770,54,863,-198,417,-369,-792,-725,465,-459,null,-182,null,670,432,664,268,24
-480,-681,null,-708,-728,805,219,null,-822,null,-514,270,null,null,642,-979,-805,-375,854,null,null,-758,84,-418,68,339,140,652,-252,-788,929,-645,null,596,125,-661,null,961,-361,-989,-446,-441,null,-891,580,null,169,573,712,null,528,415,-649,-878,20
-546,534,null,403,-83,621,-446,-423,437,null,721,-267,-59,null,701,-410,9,586,758,null,330,-152,-646,298,346,-340,-289,-589,158,-483,-717,724,null,579,328,306,null,-129,290,-150,300,-805,null,-493,810,-500,962,810,430,null,-997,-628,-608,136,24
390,653,null,-569,-394,-198,744,null,346,null,-922,550,null,null,-814,-808,217,688,493,593,404,134,84,984,904,-364,673,-738,-489,-747,-475,44,-184,974,494,-685,-161,-775,668,229,-188,-915,null,517,562,-117,-820,null,276,null,303,-855,280,-685,25
759,-345,null,344,-162,-398,-126,-639,null,null,-664,212,null,92,370,700,-803,-929,-181,null,null,700,853,177,592,-334,-257,-610,-652,790,-478,-367,null,-206,-638,-982,90,361,821,396,675,181,null,-543,978,null,-625,148,-663,null,345,-230,-453,-409,20
318,692,null,648,52,-130,666,-947,null,null,-840,-973,null,-291,66,286,-930,847,670,217,478,638,-428,-819,-824,-129,563,-433,-293,-741,318,-852,null,860,-538,322,null,-41,-343,-461,159,691,990,-730,866,null,542,376,575,-843,-366,-168,-300,-541,23
-863,-558,null,-638,-543,660,785,null,null,971,-826,76,null,null,83,770,132,-615,283,null,681,-971,548,765,175,496,931,378,304,-229,-976,-355,null,-31,-443,-87,-29,594,-701,233,240,799,-149,821,485,null,-171,null,-131,null,-11,-248,-103,-696,22
-280,-495,null,247,958,257,-861,null,99,null,-684,-473,null,-571,-309,617,481,-703,-939,null,null,-74,-158,252,732,-697,420,190,888,-234,-981,525,-159,-680,-356,-336,null,641,-323,-83,-927,216,null,-525,-265,null,535,-286,-217,148,151,393,-923,-76,18
-425,442,null,-511,-598,-710,956,null,null,336,464,960,null,340,780,-209,500,765,303,null,null,-534,424,-882,-570,-63,-813,-819,510,-955,-767,988,948,-474,-239,197,null,872,850,734,-232,105,-808,299,105,null,-326,341,316,58,-895,910,-567,359,26
-375,56,271,-88,-422,-522,322,null,-893,-585,-80,-734,292,-337,65,31,-741,-568,715,null,995,-524,-953,-735,251,-903,793,-471,558,68,-339,282,-370,-489,-209,974,381,782,532,495,-350,323,null,-260,-352,null,-111,null,950,795,323,517,621,284,25
347,-109,null,497,476,-412,312,-247,-108,null,-393,-710,null,null,-999,308,-173,-537,-219,null,939,-669,-839,-870,372,740,-858,178,-880,-363,164,-72,-327,975,-512,-420,null,-708,-146,-483,6,750,null,-791,-591,-995,66,85,-882,-630,-792,837,144,528,18
399,245,null,-726,-559,94,-248,-520,400,675,-259,461,715,745,-909,-928,-341,294,176,null,null,-31,962,-841,423,628,533,383,204,-215,8,494,159,-451,669,-957,755,-592,444,374,829,-123,-96,258,-261,-117,-673,null,228,-97,-668,783,-152,-809,27
597,796,-96,768,747,-435,575,null,null,800,-983,-843,null,-763,601,174,244,546,883,null,369,-647,-107,160,193,-898,-183,-838,259,-976,20,420,769,505,-70,-321,-790,-996,833,859,584,-358,null,-456,143,null,-208,null,-658,-63,-542,228,942,-661,25
324,755,null,-6,316,875,-670,823,684,718,-247,869,null,-945,72,-61,692,905,830,null,null,-5,-207,-920,-96,153,-840,391,-497,858,978,165,null,-940,-989,-185,-973,431,270,154,924,220,null,295,322,-95,53,null,-987,-694,429,-466,-736,-867,26
154,-355,-419,363,-741,719,407,66,null,858,-316,210,-529,null,-85,-452,369,-833,703,null,null,418,-193,739,768,39,-416,-372,-139,73,-367,-171,null,960,551,-278,826,-349,452,462,379,183,270,-444,863,null,114,null,-420,null,148,-505,-970,-74,25
258,49,-918,-136,507,-509,662,-340,null,-661,-979,-998,null,null,-781,-776,563,609,562,null,null,391,-801,-803,-297,628,-46,125,175,774,-40,-532,889,-684,268,404,null,-919,834,-409,-629,787,null,724,621,null,203,null,30,304,-854,190,282,-87,24
-131,828,null,-188,-167,-895,191,31,null,187,-798,-182,null,336,-195,41,-236,538,468,null,717,-377,-211,573,-371,317,367,-985,660,421,765,-916,532,259,-853,-143,null,-166,-529,-978,873,903,null,664,654,601,613,13,684,-56,-174,-409,142,497,27
-481,-90,null,-760,60,986,-527,null,null,null,413,-328,null,null,392,-27,-402,23,-697,null,null,-586,-736,-131,221,903,-180,-549,714,-962,-618,-490,735,366,-941,893,741,-443,557,-146,-318,194,-263,-835,-104,null,-80,7,-502,null,-300,459,-434,671,17
448,641,-253,-982,319,-462,684,null,-619,null,-420,618,null,null,-207,-791,-948,-751,-737,772,-319,178,-759,67,-115,-8,-1000,-840,34,-731,501,299,-712,-719,593,355,null,-635,658,792,-33,270,-761,-648,-443,-786,-572,null,-282,null,-299,-591,-149,-933,16
-589,638,821,-678,729,-164,-611,null,698,128,-551,-640,38,null,-735,-957,-572,960,611,null,977,-626,-472,588,-453,-854,852,456,-907,-29,382,-916,null,406,-427,-234,null,498,-53,-349,611,606,922,39,-768,-976,836,null,147,null,804,3,-432,744,24
646,574,-369,751,-313,691,734,830,260,null,682,-761,null,null,-266,-336,-966,-973,54,null,307,-596,-746,-879,-420,474,-24,-86,489,746,734,-394,15,-53,-673,-185,840,-99,-287,953,700,-423,959,366,-836,-952,-961,null,-928,null,-90,857,-429,-645,21
-174,-851,null,773,-922,240,-13,null,-238,null,495,-727,null,null,83,-968,-618,954,-242,null,-398,-651,345,652,417,-790,578,156,-380,-665,476,940,null,-771,701,632,null,-42,-212,-989,487,-187,null,-960,-854,30,808,103,-62,18,924,-315,-228,478,21
906,515,null,64,-939,968,-793,420,null,null,-858,-130,null,null,238,-868,-655,280,371,791,null,865,-255,237,-467,338,-665,-278,125,-152,628,-391,null,171,852,581,880,-172,-36,-451,-480,-234,null,-99,-549,null,667,null,692,null,-431,-775,-108,-133,20
361,377,3,-415,-292,-645,636,-674,null,594,148,-726,-405,490,955,784,-13,-284,943,877,-823,357,232,316,114,730,633,-894,25,-101,-316,-546,null,-805,-487,-36,null,370,299,-351,836,632,537,-704,590,null,435,null,556,357,992,800,512,23,31
-131,-859,632,886,-813,927,149,null,690,-605,-717,203,-943,null,-774,375,769,-875,-545,-964,-160,-626,-21,795,141,-819,-175,-281,-184,16,-813,-180,868,847,848,-338,-654,417,960,-196,-934,-141,null,-992,-242,null,925,null,125,852,-670,-271,-999,844,20
-700,556,null,-8,715,173,-625,null,68,-596,113,-47,397,null,447,968,-763,-813,-601,-827,null,-416,-127,885,-345,-808,-108,174,-20,-757,-628,-486,-954,422,-741,-360,985,-372,-389,586,-979,323,null,996,976,null,-337,null,377,-276,-658,151,-417,67,19
260,268,-374,-698,357,803,262,69,959,null,-664,-107,null,null,7,600,435,-172,98,-892,156,776,457,-561,-964,281,27,-373,523,380,989,685,null,196,-40,532,null,-679,782,459,-723,551,-712,-12,-540,null,-459,null,-949,87,-731,-120,-454,-443,26
527,858,-208,117,-942,-979,776,null,null,null,-649,-950,340,null,427,799,218,-436,-533,-880,null,-299,323,714,761,606,861,-840,776,-823,-982,-728,303,-286,-148,-604,null,429,-925,-284,-695,-454,null,-612,-595,null,-18,633,683,null,666,737,522,-553,21
17,-75,null,-406,232,202,-420,719,null,null,979,304,-587,16,596,229,-936,-357,-13,659,null,412,-781,0,-12,781,-426,952,-779,-993,-168,-889,null,-427,-734,177,null,608,-421,-200,-628,925,null,-389,441,null,275,906,936,null,897,588,719,765,24
743,962,null,982,239,-141,68,null,977,-84,561,874,null,null,775,-376,-936,819,374,435,35,-301,-401,-256,84,-32,-279,-647,-3,-645,-715,82,-926,228,-107,560,604,78,53,-619,961,80,null,228,-229,null,405,null,686,null,904,-923,557,-198,27
-241,707,null,831,722,985,-841,null,null,null,-26,449,null,null,442,30,309,-380,172,null,null,293,-350,216,400,685,-343,777,994,441,178,-430,-275,-194,779,650,null,612,-86,-847,-40,-706,26,391,586,-191,-474,null,-432,null,-617,246,-925,-951,24
-405,-800,null,-844,-291,273,-325,null,null,null,-168,-886,null,-964,-842,46,11,23,941,null,null,-512,-663,-115,872,-503,-357,259,274,-324,-781,-100,null,977,-744,-906,null,-306,-886,-931,451,192,-584,664,183,498,-814,null,960,null,826,270,448,-383,18
649,-250,null,-976,48,-250,-600,-710,null,160,632,963,-30,null,-19,718,-874,200,-752,null,null,-631,-266,723,23,466,430,723,-101,-838,-421,-564,270,222,-467,995,null,-358,-521,-599,390,-156,-321,-682,517,792,-575,307,340,null,-796,-238,551,-528,21
308,39,308,-186,281,-35,962,-815,null,null,947,-338,null,null,-371,-909,-112,-182,541,755,null,283,-488,124,-447,735,-438,559,-113,813,-364,-259,null,-766,715,395,null,-455,-677,108,-614,159,-313,383,-33,null,-88,24,-388,38,-561,295,452,-501,22
670,-522,-972,412,92,532,211,-663,58,-824,972,-598,null,null,-293,310,496,-700,452,939,null,-126,634,345,191,-84,-323,213,942,358,263,841,-676,368,-987,98,null,-366,685,926,718,-422,991,177,529,-920,712,null,536,387,-243,-516,833,-976,31
-538,-819,null,-679,-130,-947,417,null,null,null,-471,9,null,null,765,933,-153,209,310,null,null,936,-345,-523,-538,822,767,-829,-842,709,751,-560,-306,-896,725,357,-397,-464,962,-693,101,499,-409,208,532,-531,550,null,546,null,-845,-713,-674,-881,20
-659,-807,651,105,103,-964,-558,null,null,null,-950,183,429,-508,203,-150,-627,175,-819,null,-920,279,-837,361,126,-504,178,-638,930,591,337,-394,254,-104,213,-413,-428,316,-628,38,-61,-647,null,973,-198,null,950,null,-980,null,-122,-224,-306,736,21
92,-962,-701,510,-969,-616,-551,null,null,null,362,970,null,null,-211,-476,-36,909,20,null,-380,-531,-675,878,917,-504,554,57,-265,256,609,-728,-802,989,33,-668,null,-50,214,-253,-294,-991,null,760,-547,825,211,883,-845,979,-124,-770,-107,443,21
886,394,null,272,-49,903,-893,null,604,null,256,306,null,-952,-94,6,946,198,-485,null,-956,613,843,-122,958,-279,66,-659,550,-882,-588,47,-578,732,898,-166,null,-206,249,-950,-238,143,892,-323,500,-769,390,611,-293,-524,-954,-1000,-303,737,25
-420,816,null,-279,654,-728,185,-665,-857,null,538,868,null,-432,628,-780,423,404,670,871,null,-503,48,344,-709,-231,-931,-528,382,-305,-557,388,null,944,-259,-738,null,-775,367,457,8,312,null,70,-360,null,-951,614,-876,null,414,-212,297,364,24
396,861,null,-125,12,-481,-572,815,null,-440,833,619,null,null,-808,-787,-629,-489,524,-646,-240,728,-17,-323,-355,227,296,-459,-256,58,304,196,-432,434,-141,813,null,-872,919,629,86,176,-798,91,652,-938,235,null,-787,null,774,943,279,477,26
47,512,null,-239,410,581,-678,null,null,null,12,948,null,null,-786,286,523,536,451,null,null,513,422,-572,-998,-818,-110,-404,-142,516,-480,-654,-814,48,-389,-910,-680,463,713,-891,795,733,null,-131,-250,717,522,-733,880,-476,-445,822,-360,-284,22
518,-43,152,-923,283,772,-741,-973,null,null,-960,683,-185,98,-376,-985,295,-943,-290,null,565,658,-253,-870,149,944,-271,-203,485,-769,-482,-843,-460,3,-646,-258,-510,29,-677,884,-600,327,null,25,167,995,-125,269,110,115,-699,-953,-904,-482,22
-847,976,null,-890,-915,992,-172,null,256,-111,-182,-442,null,-476,11,-18,-952,-215,-43,null,null,-165,266,-700,-79,-927,684,182,-163,-737,743,-1,884,260,-330,442,560,-334,-756,-28,-712,499,null,864,977,-164,-919,null,-371,553,653,-875,692,975,19
-355,-813,230,908,-483,-483,178,510,482,-520,-581,503,null,-612,635,348,-109,46,-144,null,null,-389,843,796,-845,794,-516,815,-783,273,479,-139,198,714,-128,124,null,859,-988,862,347,-183,70,691,-39,null,-676,-351,-962,null,-40,27,999,444,26
-322,-194,56,913,954,221,947,null,null,null,965,-887,null,null,608,-711,-612,-297,360,-522,-347,406,960,819,772,-535,-522,287,-89,871,855,9,null,-540,288,648,237,178,881,95,-235,-818,877,-4,-443,-633,-268,-998,-56,null,791,-542,-876,-593,24
467,-670,null,-786,136,-287,912,null,null,-736,-439,-926,-520,-991,-278,-414,-532,579,-225,null,null,612,-420,-714,-937,-630,-864,445,953,-304,-979,-506,null,-298,556,866,-881,-957,-37,543,903,-689,null,-865,810,null,-411,null,722,-35,206,925,811,-951,16
